,Unnamed: 0,year,month,region,state,victim_age,victim_sex,victim_race,victim_race_plus_hispanic,victim_ethnicity,weapon_used,victim_offender_split,offenders_relationship_to_victim,offenders_relationship_to_victim_grouping,offender_sex,circumstance,circumstance_grouping,extra_circumstance_info,multiple_victim_count,incident_id,additional_victim
378374,378374,2018,8,Northwest,AK,37,Male,Black,Black,Unknown,firearm,Single Victim/Unknown Offender(s),unknown,Unknown Relationship,Unknown,Other - not specified (Felony Type),Felony Type,,0,101919,False
378375,378375,2018,8,Northwest,AK,33,Male,Black,Black,Unknown,firearm,Single Victim/Single Offender,brother,Within Family,Male,Other Arguments,Other Than Felony Type,,0,101920,False
378376,378376,2018,12,Northwest,AK,19,Male,White (includes Mexican-Americans),White,Unknown,firearm,Single Victim/Single Offender,stranger,Offender Not Known to Victim,Male,Argument Over Money or Property,Other Than Felony Type,,0,101922,False
378377,378377,2018,12,Northwest,AK,19,Male,Black,Black,Unknown,firearm,Single Victim/Single Offender,stranger,Offender Not Known to Victim,Male,Argument Over Money or Property,Other Than Felony Type,,0,101923,False
378378,378378,2018,12,Northwest,AK,25,Male,Black,Black,Unknown,firearm,Single Victim/Single Offender,acquaintance,Outside Family But Known to Victim,Male,Argument Over Money or Property,Other Than Felony Type,,0,101924,False
378379,378379,2018,11,Northwest,AK,59,Male,White (includes Mexican-Americans),White,Unknown,firearm,Single Victim/Unknown Offender(s),unknown,Unknown Relationship,Unknown,All instances where the facts provided do not permit determination of circumstances,Unable to Determine Circumstances,,0,101926,False
378381,378381,2018,11,Northwest,AK,27,Male,Black,Black,Unknown,firearm,Single Victim/Multiple Offenders,stranger,Offender Not Known to Victim,Male,Narcotic Drug Laws,Felony Type,,0,101929,False
378382,378382,2018,3,Northwest,AK,20,Male,American Indian or Alaskan Native,American Indian or Alaskan Native,Unknown,firearm,Single Victim/Single Offender,stranger,Offender Not Known to Victim,Male,Felon Killed by Police,Justifiable Homicide,Felon Attacked Police Officer,0,101930,False
378383,378383,2018,1,Northwest,AK,52,Male,American Indian or Alaskan Native,American Indian or Alaskan Native,Unknown,firearm,Single Victim/Unknown Offender(s),unknown,Unknown Relationship,Unknown,All instances where the facts provided do not permit determination of circumstances,Unable to Determine Circumstances,,0,101931,False
378385,378385,2018,1,Northwest,AK,39,Male,Black,Black,Unknown,firearm,Single Victim/Unknown Offender(s),unknown,Unknown Relationship,Unknown,Other - not specified (Felony Type),Felony Type,,0,101933,False
378386,378386,2018,6,Northwest,AK,22,Male,Black,Black,Unknown,firearm,Single Victim/Single Offender,acquaintance,Outside Family But Known to Victim,Male,Other (Other Than Felony Type),Other Than Felony Type,,0,101934,False
378387,378387,2018,6,Northwest,AK,48,Male,White (includes Mexican-Americans),White,Unknown,firearm,Single Victim/Single Offender,stranger,Offender Not Known to Victim,Male,Felon Killed by Private Citizen,Justifiable Homicide,Felon Killed in Commission of a Crime,0,101935,False
378388,378388,2018,7,Northwest,AK,48,Male,White (includes Mexican-Americans),White,Unknown,firearm,Single Victim/Single Offender,acquaintance,Outside Family But Known to Victim,Male,Argument Over Money or Property,Other Than Felony Type,,0,101936,False
378389,378389,2018,7,Northwest,AK,15,Male,Asian or Pacific Islander,Asian or Pacific Islander,Unknown,firearm,Single Victim/Single Offender,stranger,Offender Not Known to Victim,Male,Other Arguments,Other Than Felony Type,,0,101937,False
378391,378391,2018,10,Northwest,AK,29,Male,White (includes Mexican-Americans),White,Unknown,firearm,Single Victim/Single Offender,neighbor,Outside Family But Known to Victim,Male,Brawl Due to Influence of Alcohol,Other Than Felony Type,,0,101939,False
378392,378392,2018,10,Northwest,AK,35,Male,White (includes Mexican-Americans),White,Unknown,firearm,Single Victim/Multiple Offenders,acquaintance,Outside Family But Known to Victim,Male,Narcotic Drug Laws,Felony Type,,0,101940,False
378393,378393,2018,9,Northwest,AK,24,Male,Asian or Pacific Islander,Asian or Pacific Islander,Unknown,firearm,Single Victim/Single Offender,stranger,Offender Not Known to Victim,Male,Brawl Due to Influence of Alcohol,Other Than Felony Type,,0,101942,False
378394,378394,2018,3,Northwest,AK,28,Male,White (includes Mexican-Americans),White,Unknown,rifle,Single Victim/Single Offender,acquaintance,Outside Family But Known to Victim,Male,Other Arguments,Other Than Felony Type,,0,101943,False
378395,378395,2018,4,Northwest,AK,36,Male,Black,Black,Unknown,firearm,Single Victim/Single Offender,acquaintance,Outside Family But Known to Victim,Male,Other - not specified (Felony Type),Felony Type,,0,101944,False
378396,378396,2018,4,Northwest,AK,21,Male,White (includes Mexican-Americans),White,Unknown,firearm,Single Victim/Multiple Offenders,acquaintance,Outside Family But Known to Victim,Male,Lover's Triangle,Other Than Felony Type,,0,101945,False
378397,378397,2018,1,Northwest,AK,32,Male,Black,Black,Unknown,firearm,Single Victim/Single Offender,friend,Outside Family But Known to Victim,Male,Other Arguments,Other Than Felony Type,,0,101946,False
378398,378398,2018,4,Northwest,AK,25,Male,American Indian or Alaskan Native,American Indian or Alaskan Native,Not of Hispanic Origin,handgun,Single Victim/Multiple Offenders,stranger,Offender Not Known to Victim,Male,All instances where the facts provided do not permit determination of circumstances,Unable to Determine Circumstances,,0,101947,False
378400,378400,2018,6,Northwest,AK,27,Male,American Indian or Alaskan Native,American Indian or Alaskan Native,Unknown,handgun,Single Victim/Single Offender,acquaintance,Outside Family But Known to Victim,Male,Lover's Triangle,Other Than Felony Type,,0,101950,False
378402,378402,2018,10,Northwest,AK,30,Male,Unknown,Unknown,Unknown,handgun,Single Victim/Single Offender,other - known to victim,Outside Family But Known to Victim,Male,All instances where the facts provided do not permit determination of circumstances,Unable to Determine Circumstances,,0,101958,False
378403,378403,2018,3,Northwest,AK,3,Male,Unknown,Unknown,Unknown,rifle,Single Victim/Single Offender,son,Within Family,Male,Other Negligent Handling of Gun Which Results in Death of Another,Manslaughter by Negligent Circumstances,,0,101959,False
378404,378404,2018,8,Northwest,AK,30,Male,Black,Black,Not of Hispanic Origin,handgun,Single Victim/Multiple Offenders,stranger,Offender Not Known to Victim,Male,Felon Killed by Police,Justifiable Homicide,Felon Attacked a Civilian,0,101961,False
381122,381122,2018,2,Northwest,ID,20,Male,American Indian or Alaskan Native,American Indian or Alaskan Native,Not of Hispanic Origin,handgun,Single Victim/Single Offender,acquaintance,Outside Family But Known to Victim,Male,Arson,Felony Type,,0,105615,False
381123,381123,2018,11,Northwest,ID,26,Male,White (includes Mexican-Americans),White,Not of Hispanic Origin,handgun,Single Victim/Single Offender,neighbor,Outside Family But Known to Victim,Male,Other Arguments,Other Than Felony Type,,0,105616,False
381125,381125,2018,11,Northwest,ID,39,Male,White (includes Mexican-Americans),White,Not of Hispanic Origin,firearm,Single Victim/Single Offender,son,Within Family,Male,All instances where the facts provided do not permit determination of circumstances,Unable to Determine Circumstances,,0,105619,False
381126,381126,2018,10,Northwest,ID,39,Male,White (includes Mexican-Americans),White,Not of Hispanic Origin,handgun,Single Victim/Single Offender,unknown,Unknown Relationship,Female,Other (Other Than Felony Type),Other Than Felony Type,,0,105620,False
381127,381127,2018,8,Northwest,ID,34,Male,White (includes Mexican-Americans),Hispanic Origin,Hispanic Origin,handgun,Single Victim/Single Offender,other - known to victim,Outside Family But Known to Victim,Male,All instances where the facts provided do not permit determination of circumstances,Unable to Determine Circumstances,,0,105621,False
381128,381128,2018,8,Northwest,ID,23,Male,White (includes Mexican-Americans),Hispanic Origin,Hispanic Origin,shotgun,Single Victim/Single Offender,acquaintance,Outside Family But Known to Victim,Male,Other Arguments,Other Than Felony Type,,0,105622,False
381131,381131,2018,9,Northwest,ID,16,Male,White (includes Mexican-Americans),Hispanic Origin,Hispanic Origin,handgun,Single Victim/Multiple Offenders,acquaintance,Outside Family But Known to Victim,Male,Robbery,Felony Type,,0,105626,False
381134,381134,2018,2,Northwest,ID,21,Male,White (includes Mexican-Americans),Hispanic Origin,Hispanic Origin,rifle,Single Victim/Multiple Offenders,friend,Outside Family But Known to Victim,Male,Other Arguments,Other Than Felony Type,,0,105631,False
381135,381135,2018,10,Northwest,ID,24,Male,Unknown,Unknown,Unknown,handgun,Single Victim/Single Offender,stranger,Offender Not Known to Victim,Male,Other Arguments,Other Than Felony Type,,0,105632,False
381136,381136,2018,10,Northwest,ID,24,Male,White (includes Mexican-Americans),White,Not of Hispanic Origin,handgun,Single Victim/Single Offender,stranger,Offender Not Known to Victim,Male,Other (Other Than Felony Type),Other Than Felony Type,,0,105633,False
381137,381137,2018,8,Northwest,ID,34,Male,White (includes Mexican-Americans),White,Not of Hispanic Origin,handgun,Single Victim/Single Offender,stranger,Offender Not Known to Victim,Male,Felon Killed by Private Citizen,Justifiable Homicide,Felon Killed in Commission of a Crime,0,105635,False
381138,381138,2018,6,Northwest,ID,66,Male,White (includes Mexican-Americans),White,Not of Hispanic Origin,handgun,Single Victim/Single Offender,father,Within Family,Female,Other Arguments,Other Than Felony Type,,0,105637,False
381140,381140,2018,4,Northwest,ID,43,Male,White (includes Mexican-Americans),Hispanic Origin,Hispanic Origin,handgun,Multiple Victims/Single Offender,unknown,Outside Family But Known to Victim,Male,Other (Other Than Felony Type),Other Than Felony Type,,1,105638,True
384571,384571,2018,4,Northwest,MT,57,Male,White (includes Mexican-Americans),White,Not of Hispanic Origin,handgun,Single Victim/Single Offender,friend,Outside Family But Known to Victim,Male,Narcotic Drug Laws,Felony Type,,0,109857,False
384573,384573,2018,4,Northwest,MT,33,Male,White (includes Mexican-Americans),White,Not of Hispanic Origin,firearm,Single Victim/Single Offender,acquaintance,Outside Family But Known to Victim,Male,Other Arguments,Other Than Felony Type,,0,109861,False
384575,384575,2018,1,Northwest,MT,49,Male,American Indian or Alaskan Native,American Indian or Alaskan Native,Not of Hispanic Origin,handgun,Single Victim/Single Offender,acquaintance,Outside Family But Known to Victim,Male,Other Arguments,Other Than Felony Type,,0,109869,False
384578,384578,2018,10,Northwest,MT,23,Male,White (includes Mexican-Americans),White,Unknown,handgun,Multiple Victims/Multiple Offenders,other - known to victim,Outside Family But Known to Victim,Male,All instances where the facts provided do not permit determination of circumstances,Unable to Determine Circumstances,,1,109874,False
384581,384581,2018,1,Northwest,MT,26,Male,White (includes Mexican-Americans),White,Not of Hispanic Origin,handgun,Single Victim/Single Offender,friend,Outside Family But Known to Victim,Male,All instances where the facts provided do not permit determination of circumstances,Unable to Determine Circumstances,,0,109876,False
384582,384582,2018,5,Northwest,MT,50,Male,White (includes Mexican-Americans),White,Not of Hispanic Origin,firearm,Single Victim/Single Offender,unknown,Unknown Relationship,Female,All instances where the facts provided do not permit determination of circumstances,Unable to Determine Circumstances,,0,109877,False
384583,384583,2018,12,Northwest,MT,30,Male,American Indian or Alaskan Native,American Indian or Alaskan Native,Unknown,firearm,Multiple Victims/Multiple Offenders,acquaintance,Outside Family But Known to Victim,Male,Other (Other Than Felony Type),Other Than Felony Type,,1,109881,False
384584,384584,2018,12,Northwest,MT,19,Male,American Indian or Alaskan Native,American Indian or Alaskan Native,Not of Hispanic Origin,firearm,Multiple Victims/Multiple Offenders,unknown,Outside Family But Known to Victim,Male,Other (Other Than Felony Type),Other Than Felony Type,,1,109881,True
384585,384585,2018,11,Northwest,MT,25,Male,White (includes Mexican-Americans),White,Not of Hispanic Origin,rifle,Single Victim/Single Offender,friend,Outside Family But Known to Victim,Male,Other Arguments,Other Than Felony Type,,0,109882,False
384586,384586,2018,7,Northwest,MT,70,Male,American Indian or Alaskan Native,American Indian or Alaskan Native,Not of Hispanic Origin,rifle,Single Victim/Single Offender,neighbor,Outside Family But Known to Victim,Male,Argument Over Money or Property,Other Than Felony Type,,0,109887,False
386422,386422,2018,5,Northwest,OR,68,Male,White (includes Mexican-Americans),White,Not of Hispanic Origin,rifle,Single Victim/Multiple Offenders,acquaintance,Outside Family But Known to Victim,Female,Other - not specified (Felony Type),Felony Type,,0,112493,False
386424,386424,2018,3,Northwest,OR,67,Male,White (includes Mexican-Americans),White,Unknown,handgun,Single Victim/Single Offender,other - known to victim,Outside Family But Known to Victim,Female,Other Arguments,Other Than Felony Type,,0,112498,False
386427,386427,2018,3,Northwest,OR,36,Male,White (includes Mexican-Americans),White,Not of Hispanic Origin,firearm,Single Victim/Multiple Offenders,unknown,Unknown Relationship,Male,Other (Other Than Felony Type),Other Than Felony Type,,0,112510,False
386429,386429,2018,1,Northwest,OR,39,Male,White (includes Mexican-Americans),White,Not of Hispanic Origin,handgun,Single Victim/Single Offender,acquaintance,Outside Family But Known to Victim,Male,All instances where the facts provided do not permit determination of circumstances,Unable to Determine Circumstances,,0,112516,False
386431,386431,2018,11,Northwest,OR,38,Male,White (includes Mexican-Americans),White,Unknown,handgun,Multiple Victims/Single Offender,other - known to victim,Outside Family But Known to Victim,Male,Other Arguments,Other Than Felony Type,,1,112522,False
386432,386432,2018,11,Northwest,OR,42,Male,White (includes Mexican-Americans),White,Unknown,handgun,Multiple Victims/Single Offender,unknown,Outside Family But Known to Victim,Male,Other Arguments,Other Than Felony Type,,1,112522,True
386433,386433,2018,7,Northwest,OR,8,Male,White (includes Mexican-Americans),White,Unknown,handgun,Single Victim/Single Offender,son,Within Family,Female,All instances where the facts provided do not permit determination of circumstances,Unable to Determine Circumstances,,0,112523,False
386434,386434,2018,10,Northwest,OR,58,Male,White (includes Mexican-Americans),White,Unknown,handgun,Single Victim/Single Offender,stranger,Offender Not Known to Victim,Male,Other Negligent Handling of Gun Which Results in Death of Another,Manslaughter by Negligent Circumstances,,0,112524,False
386435,386435,2018,3,Northwest,OR,32,Male,Unknown,Unknown,Unknown,handgun,Single Victim/Single Offender,boyfriend,Outside Family But Known to Victim,Female,Felon Killed by Private Citizen,Justifiable Homicide,Not Enough Information to Determine,0,112527,False
386436,386436,2018,12,Northwest,OR,33,Male,Black,Black,Unknown,handgun,Single Victim/Multiple Offenders,stranger,Offender Not Known to Victim,Male,Felon Killed by Police,Justifiable Homicide,Felon Attacked Police Officer,0,112530,False
386437,386437,2018,6,Northwest,OR,13,Male,White (includes Mexican-Americans),White,Unknown,rifle,Single Victim/Single Offender,friend,Outside Family But Known to Victim,Male,Children Playing With Gun,Manslaughter by Negligent Circumstances,,0,112532,False
386438,386438,2018,10,Northwest,OR,69,Male,White (includes Mexican-Americans),White,Unknown,handgun,Single Victim/Unknown Offender(s),unknown,Unknown Relationship,Unknown,All instances where the facts provided do not permit determination of circumstances,Unable to Determine Circumstances,,0,112535,False
386439,386439,2018,1,Northwest,OR,24,Male,White (includes Mexican-Americans),White,Unknown,handgun,Single Victim/Single Offender,friend,Outside Family But Known to Victim,Male,Other (Other Than Felony Type),Other Than Felony Type,,0,112537,False
386440,386440,2018,11,Northwest,OR,58,Male,White (includes Mexican-Americans),White,Unknown,handgun,Single Victim/Single Offender,unknown,Unknown Relationship,Male,All instances where the facts provided do not permit determination of circumstances,Unable to Determine Circumstances,,0,112538,False
386441,386441,2018,5,Northwest,OR,54,Male,White (includes Mexican-Americans),White,Unknown,shotgun,Single Victim/Single Offender,acquaintance,Outside Family But Known to Victim,Male,Other Arguments,Other Than Felony Type,,0,112544,False
386442,386442,2018,11,Northwest,OR,38,Male,White (includes Mexican-Americans),Hispanic Origin,Hispanic Origin,handgun,Single Victim/Single Offender,other - known to victim,Outside Family But Known to Victim,Male,Other Arguments,Other Than Felony Type,,0,112545,False
386443,386443,2018,4,Northwest,OR,21,Male,White (includes Mexican-Americans),White,Not of Hispanic Origin,handgun,Multiple Victims/Multiple Offenders,unknown,Unknown Relationship,Male,Brawl Due to Influence of Alcohol,Other Than Felony Type,,1,112546,False
386444,386444,2018,4,Northwest,OR,24,Male,White (includes Mexican-Americans),Hispanic Origin,Hispanic Origin,handgun,Multiple Victims/Multiple Offenders,unknown,Unknown Relationship,Male,Brawl Due to Influence of Alcohol,Other Than Felony Type,,1,112546,True
386446,386446,2018,1,Northwest,OR,17,Male,White (includes Mexican-Americans),Hispanic Origin,Hispanic Origin,handgun,Single Victim/Multiple Offenders,acquaintance,Outside Family But Known to Victim,Male,Gangland Killings,Other Than Felony Type,,0,112550,False
386447,386447,2018,9,Northwest,OR,30,Male,White (includes Mexican-Americans),Hispanic Origin,Hispanic Origin,handgun,Single Victim/Multiple Offenders,unknown,Unknown Relationship,Male,All instances where the facts provided do not permit determination of circumstances,Unable to Determine Circumstances,,0,112551,False
386448,386448,2018,3,Northwest,OR,26,Male,White (includes Mexican-Americans),White,Unknown,rifle,Single Victim/Single Offender,stranger,Offender Not Known to Victim,Male,Felon Killed by Police,Justifiable Homicide,Felon Attacked Police Officer,0,112553,False
386449,386449,2018,5,Northwest,OR,24,Male,White (includes Mexican-Americans),White,Unknown,handgun,Single Victim/Unknown Offender(s),unknown,Unknown Relationship,Unknown,Other (Other Than Felony Type),Other Than Felony Type,,0,112557,False
386450,386450,2018,6,Northwest,OR,18,Male,White (includes Mexican-Americans),Hispanic Origin,Hispanic Origin,firearm,Multiple Victims/Multiple Offenders,unknown,Unknown Relationship,Male,Other - not specified (Felony Type),Felony Type,,1,112558,False
386451,386451,2018,6,Northwest,OR,19,Male,White (includes Mexican-Americans),Hispanic Origin,Hispanic Origin,firearm,Multiple Victims/Multiple Offenders,unknown,Unknown Relationship,Male,Other - not specified (Felony Type),Felony Type,,1,112558,True
386452,386452,2018,6,Northwest,OR,44,Male,Black,Black,Unknown,firearm,Single Victim/Unknown Offender(s),unknown,Unknown Relationship,Unknown,All instances where the facts provided do not permit determination of circumstances,Unable to Determine Circumstances,,0,112559,False
386453,386453,2018,6,Northwest,OR,30,Male,White (includes Mexican-Americans),White,Unknown,firearm,Single Victim/Unknown Offender(s),unknown,Unknown Relationship,Unknown,All instances where the facts provided do not permit determination of circumstances,Unable to Determine Circumstances,,0,112563,False
386454,386454,2018,6,Northwest,OR,63,Male,White (includes Mexican-Americans),White,Unknown,firearm,Single Victim/Single Offender,husband,Within Family,Female,All instances where the facts provided do not permit determination of circumstances,Unable to Determine Circumstances,,0,112564,False
386455,386455,2018,5,Northwest,OR,28,Male,White (includes Mexican-Americans),White,Unknown,handgun,Single Victim/Single Offender,unknown,Unknown Relationship,Female,Other Arguments,Other Than Felony Type,,0,112565,False
386456,386456,2018,1,Northwest,OR,25,Male,White (includes Mexican-Americans),White,Unknown,firearm,Single Victim/Unknown Offender(s),unknown,Unknown Relationship,Unknown,All instances where the facts provided do not permit determination of circumstances,Unable to Determine Circumstances,,0,112566,False
386457,386457,2018,1,Northwest,OR,22,Male,Black,Black,Unknown,handgun,Single Victim/Unknown Offender(s),unknown,Unknown Relationship,Unknown,All instances where the facts provided do not permit determination of circumstances,Unable to Determine Circumstances,,0,112567,False
386458,386458,2018,1,Northwest,OR,18,Male,Black,Black,Unknown,firearm,Single Victim/Multiple Offenders,unknown,Unknown Relationship,Unknown,Other Arguments,Other Than Felony Type,,0,112568,False
386459,386459,2018,1,Northwest,OR,30,Male,Black,Black,Unknown,handgun,Single Victim/Multiple Offenders,unknown,Unknown Relationship,Male,All instances where the facts provided do not permit determination of circumstances,Unable to Determine Circumstances,,0,112569,False
386460,386460,2018,8,Northwest,OR,47,Male,Black,Black,Unknown,handgun,Single Victim/Multiple Offenders,unknown,Unknown Relationship,Male,All instances where the facts provided do not permit determination of circumstances,Unable to Determine Circumstances,,0,112570,False
386461,386461,2018,7,Northwest,OR,36,Male,White (includes Mexican-Americans),White,Unknown,handgun,Single Victim/Multiple Offenders,unknown,Unknown Relationship,Male,All instances where the facts provided do not permit determination of circumstances,Unable to Determine Circumstances,,0,112572,False
386462,386462,2018,2,Northwest,OR,38,Male,White (includes Mexican-Americans),White,Unknown,handgun,Single Victim/Single Offender,stranger,Offender Not Known to Victim,Male,Other Arguments,Other Than Felony Type,,0,112573,False
386463,386463,2018,12,Northwest,OR,18,Male,White (includes Mexican-Americans),White,Unknown,handgun,Single Victim/Multiple Offenders,unknown,Unknown Relationship,Male,Robbery,Felony Type,,0,112574,False
386464,386464,2018,11,Northwest,OR,51,Male,White (includes Mexican-Americans),White,Unknown,handgun,Single Victim/Single Offender,unknown,Unknown Relationship,Male,All instances where the facts provided do not permit determination of circumstances,Unable to Determine Circumstances,,0,112575,False
386466,386466,2018,11,Northwest,OR,41,Male,White (includes Mexican-Americans),White,Unknown,firearm,Single Victim/Single Offender,unknown,Unknown Relationship,Male,All instances where the facts provided do not permit determination of circumstances,Unable to Determine Circumstances,,0,112577,False
386467,386467,2018,11,Northwest,OR,26,Male,Black,Black,Unknown,firearm,Single Victim/Single Offender,unknown,Unknown Relationship,Male,Other Arguments,Other Than Felony Type,,0,112578,False
386468,386468,2018,10,Northwest,OR,27,Male,Black,Black,Unknown,handgun,Single Victim/Single Offender,unknown,Unknown Relationship,Male,Other Arguments,Other Than Felony Type,,0,112580,False
386469,386469,2018,10,Northwest,OR,42,Male,Black,Black,Unknown,firearm,Single Victim/Unknown Offender(s),unknown,Unknown Relationship,Unknown,All instances where the facts provided do not permit determination of circumstances,Unable to Determine Circumstances,,0,112581,False
386470,386470,2018,10,Northwest,OR,44,Male,Black,Black,Unknown,handgun,Single Victim/Single Offender,unknown,Unknown Relationship,Male,Other Arguments,Other Than Felony Type,,0,112582,False
386471,386471,2018,10,Northwest,OR,21,Male,Black,Black,Unknown,firearm,Single Victim/Unknown Offender(s),unknown,Unknown Relationship,Unknown,Other (Other Than Felony Type),Other Than Felony Type,,0,112583,False
386472,386472,2018,6,Northwest,OR,45,Male,Black,Black,Unknown,handgun,Single Victim/Multiple Offenders,stranger,Offender Not Known to Victim,Male,Felon Killed by Police,Justifiable Homicide,Felon Attacked Police Officer,0,112585,False
386474,386474,2018,6,Northwest,OR,52,Male,White (includes Mexican-Americans),White,Unknown,firearm,Single Victim/Single Offender,friend,Outside Family But Known to Victim,Male,Other Arguments,Other Than Felony Type,,0,112587,False
386475,386475,2018,11,Northwest,OR,35,Male,White (includes Mexican-Americans),Hispanic Origin,Hispanic Origin,handgun,Single Victim/Multiple Offenders,acquaintance,Outside Family But Known to Victim,Male,All instances where the facts provided do not permit determination of circumstances,Unable to Determine Circumstances,,0,112589,False
386476,386476,2018,6,Northwest,OR,26,Male,White (includes Mexican-Americans),Hispanic Origin,Hispanic Origin,handgun,Single Victim/Unknown Offender(s),unknown,Unknown Relationship,Unknown,Other (Other Than Felony Type),Other Than Felony Type,,0,112590,False
386478,386478,2018,9,Northwest,OR,18,Male,White (includes Mexican-Americans),Hispanic Origin,Hispanic Origin,handgun,Single Victim/Multiple Offenders,unknown,Unknown Relationship,Unknown,All instances where the facts provided do not permit determination of circumstances,Unable to Determine Circumstances,,0,112596,False
386479,386479,2018,4,Northwest,OR,80,Male,White (includes Mexican-Americans),White,Unknown,handgun,Single Victim/Single Offender,father,Within Family,Male,Other Arguments,Other Than Felony Type,,0,112601,False
386480,386480,2018,3,Northwest,OR,20,Male,Black,Black,Unknown,handgun,Single Victim/Multiple Offenders,stranger,Offender Not Known to Victim,Male,Felon Killed by Police,Justifiable Homicide,Felon Killed in Commission of a Crime,0,112603,False
386481,386481,2018,11,Northwest,OR,19,Male,White (includes Mexican-Americans),Hispanic Origin,Hispanic Origin,handgun,Single Victim/Single Offender,friend,Outside Family But Known to Victim,Male,Other Negligent Handling of Gun Which Results in Death of Another,Manslaughter by Negligent Circumstances,,0,112604,False
389322,389322,2018,10,Northwest,WA,28,Male,Black,Black,Not of Hispanic Origin,handgun,Single Victim/Single Offender,other - known to victim,Outside Family But Known to Victim,Male,All instances where the facts provided do not permit determination of circumstances,Unable to Determine Circumstances,,0,116252,False
389323,389323,2018,10,Northwest,WA,18,Male,White (includes Mexican-Americans),White,Not of Hispanic Origin,shotgun,Single Victim/Multiple Offenders,stranger,Offender Not Known to Victim,Male,All instances where the facts provided do not permit determination of circumstances,Unable to Determine Circumstances,,0,116253,False
389325,389325,2018,12,Northwest,WA,57,Male,White (includes Mexican-Americans),White,Not of Hispanic Origin,firearm,Multiple Victims/Multiple Offenders,acquaintance,Outside Family But Known to Victim,Male,Other (Other Than Felony Type),Other Than Felony Type,,1,116256,False
389326,389326,2018,12,Northwest,WA,27,Male,White (includes Mexican-Americans),White,Not of Hispanic Origin,firearm,Multiple Victims/Multiple Offenders,unknown,Outside Family But Known to Victim,Male,Other (Other Than Felony Type),Other Than Felony Type,,1,116256,True
389328,389328,2018,12,Northwest,WA,18,Male,White (includes Mexican-Americans),White,Not of Hispanic Origin,handgun,Single Victim/Multiple Offenders,stranger,Offender Not Known to Victim,Male,Narcotic Drug Laws,Felony Type,,0,116258,False
389329,389329,2018,12,Northwest,WA,29,Male,White (includes Mexican-Americans),Hispanic Origin,Hispanic Origin,firearm,Single Victim/Multiple Offenders,acquaintance,Outside Family But Known to Victim,Male,Other (Other Than Felony Type),Other Than Felony Type,,0,116269,False
389330,389330,2018,6,Northwest,WA,47,Male,White (includes Mexican-Americans),Hispanic Origin,Hispanic Origin,firearm,Single Victim/Multiple Offenders,acquaintance,Outside Family But Known to Victim,Male,Other Arguments,Other Than Felony Type,,0,116270,False
389331,389331,2018,8,Northwest,WA,35,Male,White (includes Mexican-Americans),White,Not of Hispanic Origin,handgun,Single Victim/Single Offender,acquaintance,Outside Family But Known to Victim,Male,Narcotic Drug Laws,Felony Type,,0,116276,False
389332,389332,2018,10,Northwest,WA,43,Male,White (includes Mexican-Americans),White,Unknown,unknown gun,Single Victim/Single Offender,employee,Outside Family But Known to Victim,Male,Other Arguments,Other Than Felony Type,,0,116281,False
389333,389333,2018,4,Northwest,WA,35,Male,Black,Black,Not of Hispanic Origin,firearm,Multiple Victims/Unknown Offender(s),unknown,Unknown Relationship,Unknown,All instances where the facts provided do not permit determination of circumstances,Unable to Determine Circumstances,,1,116282,False
389334,389334,2018,4,Northwest,WA,24,Male,Black,Black,Not of Hispanic Origin,firearm,Multiple Victims/Unknown Offender(s),unknown,Unknown Relationship,Unknown,All instances where the facts provided do not permit determination of circumstances,Unable to Determine Circumstances,,1,116282,True
389335,389335,2018,2,Northwest,WA,45,Male,Black,Black,Not of Hispanic Origin,handgun,Single Victim/Unknown Offender(s),unknown,Unknown Relationship,Unknown,All instances where the facts provided do not permit determination of circumstances,Unable to Determine Circumstances,,0,116283,False
389336,389336,2018,1,Northwest,WA,51,Male,White (includes Mexican-Americans),Hispanic Origin,Hispanic Origin,handgun,Multiple Victims/Single Offender,stranger,Offender Not Known to Victim,Male,Other Arguments,Other Than Felony Type,,1,116284,False
389337,389337,2018,1,Northwest,WA,45,Male,White (includes Mexican-Americans),White,Not of Hispanic Origin,handgun,Multiple Victims/Single Offender,unknown,Offender Not Known to Victim,Male,Other Arguments,Other Than Felony Type,,1,116284,True
389338,389338,2018,7,Northwest,WA,18,Male,White (includes Mexican-Americans),Hispanic Origin,Hispanic Origin,handgun,Single Victim/Single Offender,stranger,Offender Not Known to Victim,Male,Felon Killed by Police,Justifiable Homicide,Felon Attacked Fellow Police Officer,0,116285,False
389339,389339,2018,7,Northwest,WA,27,Male,Black,Black,Not of Hispanic Origin,handgun,Single Victim/Unknown Offender(s),unknown,Unknown Relationship,Unknown,Other Negligent Handling of Gun Which Results in Death of Another,Manslaughter by Negligent Circumstances,,0,116286,False
389342,389342,2018,6,Northwest,WA,28,Male,White (includes Mexican-Americans),Hispanic Origin,Hispanic Origin,firearm,Single Victim/Multiple Offenders,unknown,Unknown Relationship,Male,Other Arguments,Other Than Felony Type,,0,116291,False
389344,389344,2018,1,Northwest,WA,48,Male,White (includes Mexican-Americans),White,Not of Hispanic Origin,firearm,Single Victim/Single Offender,acquaintance,Outside Family But Known to Victim,Male,All instances where the facts provided do not permit determination of circumstances,Unable to Determine Circumstances,,0,116294,False
389345,389345,2018,1,Northwest,WA,20,Male,Black,Black,Unknown,firearm,Single Victim/Single Offender,unknown,Unknown Relationship,Male,Gangland Killings,Other Than Felony Type,,0,116295,False
389346,389346,2018,6,Northwest,WA,39,Male,White (includes Mexican-Americans),Hispanic Origin,Hispanic Origin,handgun,Single Victim/Single Offender,other - known to victim,Outside Family But Known to Victim,Male,Felon Killed by Police,Justifiable Homicide,Felon Attacked Police Officer,0,116297,False
389347,389347,2018,11,Northwest,WA,21,Male,White (includes Mexican-Americans),White,Not of Hispanic Origin,handgun,Single Victim/Multiple Offenders,unknown,Unknown Relationship,Male,Other Arguments,Other Than Felony Type,,0,116299,False
389348,389348,2018,11,Northwest,WA,26,Male,White (includes Mexican-Americans),White,Not of Hispanic Origin,handgun,Single Victim/Single Offender,other family,Outside Family But Known to Victim,Male,Other (Other Than Felony Type),Other Than Felony Type,,0,116300,False
389349,389349,2018,1,Northwest,WA,30,Male,Asian or Pacific Islander,Asian or Pacific Islander,Not of Hispanic Origin,firearm,Single Victim/Multiple Offenders,unknown,Unknown Relationship,Male,Narcotic Drug Laws,Felony Type,,0,116301,False
389351,389351,2018,10,Northwest,WA,31,Male,Black,Black,Not of Hispanic Origin,firearm,Single Victim/Single Offender,stranger,Offender Not Known to Victim,Male,Other (Other Than Felony Type),Other Than Felony Type,,0,116304,False
389352,389352,2018,11,Northwest,WA,21,Male,Asian or Pacific Islander,Asian or Pacific Islander,Not of Hispanic Origin,firearm,Single Victim/Multiple Offenders,stranger,Offender Not Known to Victim,Male,Other Arguments,Other Than Felony Type,,0,116305,False
389354,389354,2018,8,Northwest,WA,22,Male,White (includes Mexican-Americans),Hispanic Origin,Hispanic Origin,firearm,Single Victim/Unknown Offender(s),unknown,Unknown Relationship,Unknown,All instances where the facts provided do not permit determination of circumstances,Unable to Determine Circumstances,,0,116308,False
389355,389355,2018,12,Northwest,WA,32,Male,Black,Black,Not of Hispanic Origin,handgun,Single Victim/Single Offender,unknown,Unknown Relationship,Male,All instances where the facts provided do not permit determination of circumstances,Unable to Determine Circumstances,,0,116309,False
389356,389356,2018,5,Northwest,WA,25,Male,White (includes Mexican-Americans),White,Not of Hispanic Origin,handgun,Single Victim/Single Offender,friend,Outside Family But Known to Victim,Male,Other Negligent Handling of Gun Which Results in Death of Another,Manslaughter by Negligent Circumstances,,0,116310,False
389357,389357,2018,4,Northwest,WA,36,Male,White (includes Mexican-Americans),White,Not of Hispanic Origin,firearm,Single Victim/Single Offender,stranger,Offender Not Known to Victim,Male,Felon Killed by Police,Justifiable Homicide,Felon Attacked Fellow Police Officer,0,116311,False
389358,389358,2018,6,Northwest,WA,40,Male,Asian or Pacific Islander,Asian or Pacific Islander,Not of Hispanic Origin,handgun,Single Victim/Single Offender,stranger,Offender Not Known to Victim,Male,Robbery,Felony Type,,0,116312,False
389359,389359,2018,2,Northwest,WA,29,Male,White (includes Mexican-Americans),White,Not of Hispanic Origin,handgun,Single Victim/Unknown Offender(s),unknown,Unknown Relationship,Unknown,All instances where the facts provided do not permit determination of circumstances,Unable to Determine Circumstances,,0,116313,False
389360,389360,2018,6,Northwest,WA,19,Male,White (includes Mexican-Americans),Hispanic Origin,Hispanic Origin,handgun,Single Victim/Single Offender,friend,Outside Family But Known to Victim,Male,Other (Other Than Felony Type),Other Than Felony Type,,0,116314,False
389361,389361,2018,5,Northwest,WA,20,Male,White (includes Mexican-Americans),Hispanic Origin,Hispanic Origin,handgun,Single Victim/Single Offender,acquaintance,Outside Family But Known to Victim,Male,Other (Other Than Felony Type),Other Than Felony Type,,0,116315,False
389362,389362,2018,8,Northwest,WA,14,Male,Black,Black,Not of Hispanic Origin,handgun,Single Victim/Single Offender,friend,Outside Family But Known to Victim,Male,Children Playing With Gun,Manslaughter by Negligent Circumstances,,0,116316,False
389366,389366,2018,3,Northwest,WA,56,Male,White (includes Mexican-Americans),White,Not of Hispanic Origin,handgun,Single Victim/Single Offender,acquaintance,Outside Family But Known to Victim,Male,Other Arguments,Other Than Felony Type,,0,116319,False
389367,389367,2018,6,Northwest,WA,47,Male,White (includes Mexican-Americans),Hispanic Origin,Hispanic Origin,handgun,Single Victim/Single Offender,stranger,Offender Not Known to Victim,Male,Other (Other Than Felony Type),Other Than Felony Type,,0,116320,False
389368,389368,2018,7,Northwest,WA,40,Male,White (includes Mexican-Americans),White,Not of Hispanic Origin,shotgun,Single Victim/Single Offender,friend,Outside Family But Known to Victim,Male,Other Negligent Handling of Gun Which Results in Death of Another,Manslaughter by Negligent Circumstances,,0,116321,False
389370,389370,2018,9,Northwest,WA,31,Male,American Indian or Alaskan Native,American Indian or Alaskan Native,Unknown,handgun,Single Victim/Single Offender,acquaintance,Outside Family But Known to Victim,Male,Other Arguments,Other Than Felony Type,,0,116325,False
389371,389371,2018,4,Northwest,WA,48,Male,White (includes Mexican-Americans),Hispanic Origin,Hispanic Origin,handgun,Single Victim/Single Offender,acquaintance,Outside Family But Known to Victim,Male,Other (Other Than Felony Type),Other Than Felony Type,,0,116326,False
389373,389373,2018,8,Northwest,WA,66,Male,White (includes Mexican-Americans),White,Unknown,handgun,Single Victim/Single Offender,acquaintance,Outside Family But Known to Victim,Male,Other (Other Than Felony Type),Other Than Felony Type,,0,116330,False
389375,389375,2018,10,Northwest,WA,22,Male,White (includes Mexican-Americans),White,Not of Hispanic Origin,handgun,Single Victim/Single Offender,friend,Outside Family But Known to Victim,Male,Other Negligent Handling of Gun Which Results in Death of Another,Manslaughter by Negligent Circumstances,,0,116332,False
389376,389376,2018,7,Northwest,WA,41,Male,White (includes Mexican-Americans),White,Not of Hispanic Origin,handgun,Single Victim/Single Offender,neighbor,Outside Family But Known to Victim,Male,Other (Other Than Felony Type),Other Than Felony Type,,0,116333,False
389377,389377,2018,4,Northwest,WA,21,Male,White (includes Mexican-Americans),White,Not of Hispanic Origin,handgun,Single Victim/Single Offender,brother,Within Family,Male,Other Negligent Handling of Gun Which Results in Death of Another,Manslaughter by Negligent Circumstances,,0,116335,False
389378,389378,2018,5,Northwest,WA,44,Male,White (includes Mexican-Americans),White,Not of Hispanic Origin,handgun,Single Victim/Single Offender,neighbor,Outside Family But Known to Victim,Male,Other Arguments,Other Than Felony Type,,0,116336,False
389380,389380,2018,7,Northwest,WA,60,Male,White (includes Mexican-Americans),White,Not of Hispanic Origin,shotgun,Single Victim/Single Offender,boyfriend,Outside Family But Known to Victim,Female,Other Arguments,Other Than Felony Type,,0,116342,False
389381,389381,2018,3,Northwest,WA,66,Male,White (includes Mexican-Americans),White,Not of Hispanic Origin,firearm,Single Victim/Single Offender,unknown,Unknown Relationship,Unknown,All instances where the facts provided do not permit determination of circumstances,Unable to Determine Circumstances,,0,116343,False
389382,389382,2018,12,Northwest,WA,,Male,White (includes Mexican-Americans),White,Unknown,handgun,Single Victim/Multiple Offenders,unknown,Unknown Relationship,Male,Other - not specified (Felony Type),Felony Type,,0,116344,False
389383,389383,2018,1,Northwest,WA,49,Male,White (includes Mexican-Americans),White,Not of Hispanic Origin,firearm,Single Victim/Single Offender,unknown,Unknown Relationship,Unknown,All instances where the facts provided do not permit determination of circumstances,Unable to Determine Circumstances,,0,116345,False
389384,389384,2018,1,Northwest,WA,34,Male,White (includes Mexican-Americans),White,Not of Hispanic Origin,handgun,Single Victim/Multiple Offenders,unknown,Unknown Relationship,Male,All instances where the facts provided do not permit determination of circumstances,Unable to Determine Circumstances,,0,116346,False
389386,389386,2018,2,Northwest,WA,35,Male,White (includes Mexican-Americans),White,Not of Hispanic Origin,firearm,Multiple Victims/Single Offender,unknown,Outside Family But Known to Victim,Male,Other (Other Than Felony Type),Other Than Felony Type,,1,116347,True
389387,389387,2018,2,Northwest,WA,18,Male,White (includes Mexican-Americans),White,Unknown,handgun,Single Victim/Multiple Offenders,stranger,Offender Not Known to Victim,Male,Other (Other Than Felony Type),Other Than Felony Type,,0,116348,False
389388,389388,2018,3,Northwest,WA,24,Male,White (includes Mexican-Americans),White,Not of Hispanic Origin,handgun,Single Victim/Single Offender,unknown,Unknown Relationship,Unknown,Other Arguments,Other Than Felony Type,,0,116350,False
389389,389389,2018,3,Northwest,WA,55,Male,White (includes Mexican-Americans),White,Not of Hispanic Origin,unknown gun,Multiple Victims/Single Offender,mother,Within Family,Male,Other (Other Than Felony Type),Other Than Felony Type,,1,116351,False
389393,389393,2018,3,Northwest,WA,2,Male,White (includes Mexican-Americans),White,Not of Hispanic Origin,handgun,Multiple Victims/Single Offender,unknown,Within Family,Male,Other (Other Than Felony Type),Other Than Felony Type,,1,116352,True
389394,389394,2018,3,Northwest,WA,34,Male,White (includes Mexican-Americans),White,Not of Hispanic Origin,rifle,Single Victim/Single Offender,acquaintance,Outside Family But Known to Victim,Female,Other Arguments,Other Than Felony Type,,0,116353,False
389395,389395,2018,3,Northwest,WA,35,Male,White (includes Mexican-Americans),Hispanic Origin,Hispanic Origin,handgun,Single Victim/Single Offender,stranger,Offender Not Known to Victim,Male,Felon Killed by Police,Justifiable Homicide,Felon Attacked Fellow Police Officer,0,116354,False
389396,389396,2018,11,Northwest,WA,29,Male,White (includes Mexican-Americans),White,Not of Hispanic Origin,handgun,Single Victim/Single Offender,stranger,Offender Not Known to Victim,Male,Felon Killed by Police,Justifiable Homicide,Felon Attacked Fellow Police Officer,0,116355,False
389397,389397,2018,3,Northwest,WA,54,Male,White (includes Mexican-Americans),White,Unknown,firearm,Single Victim/Multiple Offenders,unknown,Unknown Relationship,Male,Robbery,Felony Type,,0,116358,False
389399,389399,2018,12,Northwest,WA,17,Male,Black,Black,Not of Hispanic Origin,firearm,Single Victim/Multiple Offenders,unknown,Unknown Relationship,Unknown,All instances where the facts provided do not permit determination of circumstances,Unable to Determine Circumstances,,0,116363,False
389400,389400,2018,10,Northwest,WA,32,Male,Black,Black,Not of Hispanic Origin,firearm,Single Victim/Single Offender,father,Within Family,Male,All instances where the facts provided do not permit determination of circumstances,Unable to Determine Circumstances,,0,116365,False
389401,389401,2018,2,Northwest,WA,78,Male,White (includes Mexican-Americans),White,Not of Hispanic Origin,handgun,Single Victim/Single Offender,father,Within Family,Male,Other (Other Than Felony Type),Other Than Felony Type,,0,116368,False
389402,389402,2018,1,Northwest,WA,15,Male,White (includes Mexican-Americans),Hispanic Origin,Hispanic Origin,firearm,Single Victim/Multiple Offenders,friend,Outside Family But Known to Victim,Male,Other - not specified (Felony Type),Felony Type,,0,116369,False
389403,389403,2018,1,Northwest,WA,24,Male,Unknown,Unknown,Not of Hispanic Origin,handgun,Single Victim/Multiple Offenders,unknown,Unknown Relationship,Unknown,All instances where the facts provided do not permit determination of circumstances,Unable to Determine Circumstances,,0,116370,False
389404,389404,2018,7,Northwest,WA,30,Male,Black,Black,Not of Hispanic Origin,handgun,Multiple Victims/Multiple Offenders,unknown,Unknown Relationship,Male,Other Arguments,Other Than Felony Type,,1,116371,False
389405,389405,2018,7,Northwest,WA,23,Male,Asian or Pacific Islander,Asian or Pacific Islander,Not of Hispanic Origin,handgun,Multiple Victims/Multiple Offenders,unknown,Unknown Relationship,Male,Other Arguments,Other Than Felony Type,,1,116371,True
389406,389406,2018,7,Northwest,WA,28,Male,Black,Black,Not of Hispanic Origin,firearm,Single Victim/Multiple Offenders,unknown,Unknown Relationship,Unknown,Gangland Killings,Other Than Felony Type,,0,116372,False
389407,389407,2018,8,Northwest,WA,18,Male,Asian or Pacific Islander,Asian or Pacific Islander,Not of Hispanic Origin,handgun,Single Victim/Single Offender,neighbor,Outside Family But Known to Victim,Male,Other Arguments,Other Than Felony Type,,0,116375,False
389408,389408,2018,10,Northwest,WA,18,Male,Black,Black,Not of Hispanic Origin,handgun,Single Victim/Multiple Offenders,friend,Outside Family But Known to Victim,Male,All instances where the facts provided do not permit determination of circumstances,Unable to Determine Circumstances,,0,116377,False
389409,389409,2018,10,Northwest,WA,28,Male,Unknown,Unknown,Not of Hispanic Origin,firearm,Multiple Victims/Multiple Offenders,unknown,Unknown Relationship,Unknown,Other Arguments,Other Than Felony Type,,1,116378,False
389410,389410,2018,10,Northwest,WA,28,Male,Black,Black,Unknown,firearm,Multiple Victims/Multiple Offenders,unknown,Unknown Relationship,Unknown,Other Arguments,Other Than Felony Type,,1,116378,True
389411,389411,2018,5,Northwest,WA,22,Male,White (includes Mexican-Americans),Hispanic Origin,Hispanic Origin,firearm,Multiple Victims/Multiple Offenders,acquaintance,Outside Family But Known to Victim,Unknown,All instances where the facts provided do not permit determination of circumstances,Unable to Determine Circumstances,,1,116381,False
389412,389412,2018,5,Northwest,WA,,Male,Unknown,Unknown,Not of Hispanic Origin,firearm,Multiple Victims/Multiple Offenders,unknown,Outside Family But Known to Victim,Unknown,All instances where the facts provided do not permit determination of circumstances,Unable to Determine Circumstances,,1,116381,True
389415,389415,2018,1,Northwest,WA,27,Male,White (includes Mexican-Americans),White,Not of Hispanic Origin,firearm,Single Victim/Multiple Offenders,acquaintance,Outside Family But Known to Victim,Male,All instances where the facts provided do not permit determination of circumstances,Unable to Determine Circumstances,,0,116390,False
389416,389416,2018,12,Northwest,WA,23,Male,Black,Black,Not of Hispanic Origin,handgun,Single Victim/Multiple Offenders,unknown,Unknown Relationship,Male,Other (Other Than Felony Type),Other Than Felony Type,,0,116391,False
389418,389418,2018,9,Northwest,WA,46,Male,White (includes Mexican-Americans),White,Not of Hispanic Origin,handgun,Single Victim/Single Offender,other family,Outside Family But Known to Victim,Male,Other (Other Than Felony Type),Other Than Felony Type,,0,116394,False
389419,389419,2018,7,Northwest,WA,47,Male,White (includes Mexican-Americans),White,Not of Hispanic Origin,handgun,Single Victim/Unknown Offender(s),unknown,Unknown Relationship,Unknown,All instances where the facts provided do not permit determination of circumstances,Unable to Determine Circumstances,,0,116397,False
389420,389420,2018,2,Northwest,WA,30,Male,White (includes Mexican-Americans),White,Not of Hispanic Origin,firearm,Single Victim/Multiple Offenders,friend,Outside Family But Known to Victim,Male,All instances where the facts provided do not permit determination of circumstances,Unable to Determine Circumstances,,0,116398,False
389421,389421,2018,7,Northwest,WA,22,Male,Black,Black,Not of Hispanic Origin,handgun,Single Victim/Multiple Offenders,acquaintance,Outside Family But Known to Victim,Male,Other Arguments,Other Than Felony Type,,0,116400,False
389422,389422,2018,12,Northwest,WA,79,Male,White (includes Mexican-Americans),White,Unknown,firearm,Single Victim/Single Offender,other family,Outside Family But Known to Victim,Male,Motor Vehicle Theft,Felony Type,,0,116404,False
389424,389424,2018,10,Northwest,WA,15,Male,Black,Black,Unknown,handgun,Single Victim/Single Offender,stranger,Offender Not Known to Victim,Male,Other Arguments,Other Than Felony Type,,0,116407,False
389425,389425,2018,7,Northwest,WA,21,Male,Black,Black,Not of Hispanic Origin,firearm,Single Victim/Multiple Offenders,acquaintance,Outside Family But Known to Victim,Male,Other Arguments,Other Than Felony Type,,0,116409,False
389426,389426,2018,3,Northwest,WA,54,Male,White (includes Mexican-Americans),White,Unknown,firearm,Single Victim/Multiple Offenders,acquaintance,Outside Family But Known to Victim,Male,Narcotic Drug Laws,Felony Type,,0,116410,False
389427,389427,2018,6,Northwest,WA,28,Male,White (includes Mexican-Americans),White,Not of Hispanic Origin,handgun,Single Victim/Single Offender,acquaintance,Outside Family But Known to Victim,Female,Other Arguments,Other Than Felony Type,,0,116411,False
389428,389428,2018,12,Northwest,WA,51,Male,White (includes Mexican-Americans),White,Not of Hispanic Origin,handgun,Single Victim/Single Offender,in-law,Within Family,Male,Other Arguments,Other Than Felony Type,,0,116415,False
389429,389429,2018,12,Northwest,WA,45,Male,White (includes Mexican-Americans),White,Unknown,firearm,Single Victim/Single Offender,acquaintance,Outside Family But Known to Victim,Male,Burglary,Felony Type,,0,116417,False
389432,389432,2018,6,Northwest,WA,44,Male,White (includes Mexican-Americans),White,Not of Hispanic Origin,handgun,Single Victim/Single Offender,unknown,Unknown Relationship,Male,Felon Killed by Private Citizen,Justifiable Homicide,Felon Attacked a Civilian,0,116420,False
389433,389433,2018,7,Northwest,WA,28,Male,White (includes Mexican-Americans),White,Not of Hispanic Origin,handgun,Single Victim/Single Offender,other - known to victim,Outside Family But Known to Victim,Male,All instances where the facts provided do not permit determination of circumstances,Unable to Determine Circumstances,,0,116421,False
389434,389434,2018,11,Northwest,WA,20,Male,White (includes Mexican-Americans),White,Not of Hispanic Origin,handgun,Multiple Victims/Single Offender,unknown,Unknown Relationship,Unknown,Other (Other Than Felony Type),Other Than Felony Type,,1,116422,False
389437,389437,2018,11,Northwest,WA,40,Male,White (includes Mexican-Americans),White,Not of Hispanic Origin,handgun,Single Victim/Multiple Offenders,stranger,Offender Not Known to Victim,Male,Felon Killed by Police,Justifiable Homicide,Felon Attacked Police Officer,0,116425,False
389438,389438,2018,9,Northwest,WA,55,Male,White (includes Mexican-Americans),White,Not of Hispanic Origin,handgun,Single Victim/Single Offender,boyfriend,Outside Family But Known to Victim,Female,Other Arguments,Other Than Felony Type,,0,116428,False
389439,389439,2018,5,Northwest,WA,35,Male,White (includes Mexican-Americans),Hispanic Origin,Hispanic Origin,handgun,Single Victim/Single Offender,other - known to victim,Outside Family But Known to Victim,Male,Other Arguments,Other Than Felony Type,,0,116429,False
389440,389440,2018,6,Northwest,WA,46,Male,White (includes Mexican-Americans),White,Not of Hispanic Origin,handgun,Single Victim/Multiple Offenders,other - known to victim,Outside Family But Known to Victim,Male,Other Arguments,Other Than Felony Type,,0,116430,False
389441,389441,2018,1,Northwest,WA,30,Male,White (includes Mexican-Americans),Hispanic Origin,Hispanic Origin,handgun,Single Victim/Single Offender,brother,Within Family,Male,Robbery,Felony Type,,0,116431,False
389442,389442,2018,7,Northwest,WA,34,Male,White (includes Mexican-Americans),White,Not of Hispanic Origin,firearm,Single Victim/Unknown Offender(s),unknown,Unknown Relationship,Unknown,Other (Other Than Felony Type),Other Than Felony Type,,0,116434,False
389443,389443,2018,2,Northwest,WA,20,Male,White (includes Mexican-Americans),Hispanic Origin,Hispanic Origin,firearm,Single Victim/Unknown Offender(s),unknown,Unknown Relationship,Unknown,All instances where the facts provided do not permit determination of circumstances,Unable to Determine Circumstances,,0,116436,False
389444,389444,2018,4,Northwest,WA,21,Male,White (includes Mexican-Americans),Hispanic Origin,Hispanic Origin,firearm,Single Victim/Multiple Offenders,unknown,Unknown Relationship,Male,Other Arguments,Other Than Felony Type,,0,116437,False
389445,389445,2018,5,Northwest,WA,29,Male,White (includes Mexican-Americans),Hispanic Origin,Hispanic Origin,rifle,Single Victim/Single Offender,acquaintance,Outside Family But Known to Victim,Male,All instances where the facts provided do not permit determination of circumstances,Unable to Determine Circumstances,,0,116439,False
389446,389446,2018,3,Northwest,WA,23,Male,White (includes Mexican-Americans),White,Not of Hispanic Origin,handgun,Single Victim/Unknown Offender(s),unknown,Unknown Relationship,Unknown,All instances where the facts provided do not permit determination of circumstances,Unable to Determine Circumstances,,0,116441,False
389447,389447,2018,4,Northwest,WA,49,Male,White (includes Mexican-Americans),White,Not of Hispanic Origin,shotgun,Single Victim/Single Offender,stranger,Offender Not Known to Victim,Male,All instances where the facts provided do not permit determination of circumstances,Unable to Determine Circumstances,,0,116443,False
389448,389448,2018,10,Northwest,WA,21,Male,White (includes Mexican-Americans),White,Not of Hispanic Origin,firearm,Single Victim/Unknown Offender(s),unknown,Unknown Relationship,Unknown,All instances where the facts provided do not permit determination of circumstances,Unable to Determine Circumstances,,0,116445,False
389449,389449,2018,12,Northwest,WA,22,Male,White (includes Mexican-Americans),Hispanic Origin,Hispanic Origin,firearm,Single Victim/Multiple Offenders,unknown,Unknown Relationship,Male,All instances where the facts provided do not permit determination of circumstances,Unable to Determine Circumstances,,0,116446,False
389450,389450,2018,12,Northwest,WA,29,Male,White (includes Mexican-Americans),White,Not of Hispanic Origin,firearm,Single Victim/Unknown Offender(s),unknown,Unknown Relationship,Unknown,All instances where the facts provided do not permit determination of circumstances,Unable to Determine Circumstances,,0,116447,False
389451,389451,2018,9,Northwest,WA,52,Male,White (includes Mexican-Americans),White,Not of Hispanic Origin,handgun,Single Victim/Unknown Offender(s),unknown,Unknown Relationship,Unknown,All instances where the facts provided do not permit determination of circumstances,Unable to Determine Circumstances,,0,116448,False
389452,389452,2018,7,Northwest,WA,19,Male,White (includes Mexican-Americans),Hispanic Origin,Hispanic Origin,firearm,Single Victim/Single Offender,acquaintance,Outside Family But Known to Victim,Male,All instances where the facts provided do not permit determination of circumstances,Unable to Determine Circumstances,,0,116449,False
389453,389453,2018,7,Northwest,WA,35,Male,American Indian or Alaskan Native,American Indian or Alaskan Native,Not of Hispanic Origin,firearm,Single Victim/Unknown Offender(s),unknown,Unknown Relationship,Unknown,All instances where the facts provided do not permit determination of circumstances,Unable to Determine Circumstances,,0,116450,False
389455,389455,2018,11,Northwest,WA,16,Male,White (includes Mexican-Americans),Hispanic Origin,Hispanic Origin,firearm,Single Victim/Single Offender,unknown,Unknown Relationship,Male,All instances where the facts provided do not permit determination of circumstances,Unable to Determine Circumstances,,0,116455,False
389456,389456,2018,6,Northwest,WA,34,Male,White (includes Mexican-Americans),Hispanic Origin,Hispanic Origin,handgun,Single Victim/Multiple Offenders,stranger,Offender Not Known to Victim,Male,Other Arguments,Other Than Felony Type,,0,116459,False
389457,389457,2018,8,Northwest,WA,37,Male,White (includes Mexican-Americans),White,Not of Hispanic Origin,handgun,Single Victim/Single Offender,stranger,Offender Not Known to Victim,Male,Other Arguments,Other Than Felony Type,,0,116460,False
389459,389459,2018,2,Northwest,WA,16,Male,White (includes Mexican-Americans),Hispanic Origin,Hispanic Origin,handgun,Single Victim/Multiple Offenders,unknown,Unknown Relationship,Male,All instances where the facts provided do not permit determination of circumstances,Unable to Determine Circumstances,,0,116464,False
389460,389460,2018,2,Northwest,WA,27,Male,Black,Black,Not of Hispanic Origin,handgun,Single Victim/Single Offender,unknown,Unknown Relationship,Male,All instances where the facts provided do not permit determination of circumstances,Unable to Determine Circumstances,,0,116465,False
389461,389461,2018,3,Northwest,WA,41,Male,White (includes Mexican-Americans),White,Unknown,rifle,Single Victim/Single Offender,stranger,Offender Not Known to Victim,Male,Felon Killed by Police,Justifiable Homicide,Felon Attacked Fellow Police Officer,0,116466,False
389462,389462,2018,7,Northwest,WA,30,Male,Black,Black,Not of Hispanic Origin,unknown gun,Single Victim/Multiple Offenders,unknown,Unknown Relationship,Male,Other (Other Than Felony Type),Other Than Felony Type,,0,116468,False
389463,389463,2018,9,Northwest,WA,38,Male,Black,Black,Not of Hispanic Origin,handgun,Single Victim/Single Offender,unknown,Unknown Relationship,Male,All instances where the facts provided do not permit determination of circumstances,Unable to Determine Circumstances,,0,116471,False
389464,389464,2018,10,Northwest,WA,32,Male,Black,Black,Not of Hispanic Origin,handgun,Single Victim/Multiple Offenders,unknown,Unknown Relationship,Male,All instances where the facts provided do not permit determination of circumstances,Unable to Determine Circumstances,,0,116473,False
389465,389465,2018,10,Northwest,WA,26,Male,White (includes Mexican-Americans),Hispanic Origin,Hispanic Origin,handgun,Single Victim/Single Offender,unknown,Unknown Relationship,Male,Other (Other Than Felony Type),Other Than Felony Type,,0,116475,False
389466,389466,2018,4,Northwest,WA,21,Male,Black,Black,Not of Hispanic Origin,unknown gun,Single Victim/Single Offender,other - known to victim,Outside Family But Known to Victim,Male,All instances where the facts provided do not permit determination of circumstances,Unable to Determine Circumstances,,0,116479,False
389467,389467,2018,4,Northwest,WA,29,Male,Black,Black,Not of Hispanic Origin,firearm,Single Victim/Single Offender,unknown,Unknown Relationship,Male,All instances where the facts provided do not permit determination of circumstances,Unable to Determine Circumstances,,0,116481,False
389468,389468,2018,12,Northwest,WA,37,Male,American Indian or Alaskan Native,American Indian or Alaskan Native,Not of Hispanic Origin,handgun,Single Victim/Single Offender,unknown,Unknown Relationship,Male,All instances where the facts provided do not permit determination of circumstances,Unable to Determine Circumstances,,0,116483,False
389669,389669,2018,10,Northwest,WY,32,Male,White (includes Mexican-Americans),White,Not of Hispanic Origin,handgun,Single Victim/Single Offender,brother,Within Family,Male,Brawl Due to Influence of Narcotics,Other Than Felony Type,,0,116766,False
389670,389670,2018,2,Northwest,WY,24,Male,White (includes Mexican-Americans),White,Not of Hispanic Origin,rifle,Single Victim/Unknown Offender(s),unknown,Unknown Relationship,Unknown,All Other Manslaughter by Negligence Except Traffic Deaths,Manslaughter by Negligent Circumstances,,0,116767,False
389671,389671,2018,3,Northwest,WY,18,Male,White (includes Mexican-Americans),White,Not of Hispanic Origin,rifle,Single Victim/Single Offender,friend,Outside Family But Known to Victim,Male,Other Negligent Handling of Gun Which Results in Death of Another,Manslaughter by Negligent Circumstances,,0,116768,False
389672,389672,2018,12,Northwest,WY,41,Male,White (includes Mexican-Americans),White,Not of Hispanic Origin,shotgun,Single Victim/Single Offender,other - known to victim,Outside Family But Known to Victim,Male,Argument Over Money or Property,Other Than Felony Type,,0,116771,False
389673,389673,2018,3,Northwest,WY,49,Male,White (includes Mexican-Americans),White,Not of Hispanic Origin,handgun,Single Victim/Single Offender,acquaintance,Outside Family But Known to Victim,Male,Argument Over Money or Property,Other Than Felony Type,,0,116772,False
389674,389674,2018,5,Northwest,WY,38,Male,White (includes Mexican-Americans),White,Not of Hispanic Origin,handgun,Single Victim/Multiple Offenders,unknown,Unknown Relationship,Male,Felon Killed by Police,Justifiable Homicide,Felon Killed in Commission of a Crime,0,116773,False
389675,389675,2018,8,Northwest,WY,29,Male,American Indian or Alaskan Native,American Indian or Alaskan Native,Unknown,handgun,Single Victim/Single Offender,acquaintance,Outside Family But Known to Victim,Male,Other Arguments,Other Than Felony Type,,0,116774,False
389676,389676,2018,7,Northwest,WY,21,Male,White (includes Mexican-Americans),White,Not of Hispanic Origin,handgun,Single Victim/Single Offender,unknown,Unknown Relationship,Male,Felon Killed by Police,Justifiable Homicide,Felon Killed in Commission of a Crime,0,116775,False
389677,389677,2018,10,Northwest,WY,63,Male,White (includes Mexican-Americans),White,Not of Hispanic Origin,handgun,Single Victim/Single Offender,acquaintance,Outside Family But Known to Victim,Male,Lover's Triangle,Other Than Felony Type,,0,116776,False
389679,389679,2018,1,Northwest,WY,47,Male,White (includes Mexican-Americans),White,Unknown,handgun,Single Victim/Single Offender,friend,Outside Family But Known to Victim,Male,Other Arguments,Other Than Felony Type,,0,116778,False
389681,389681,2018,8,Northwest,WY,29,Male,American Indian or Alaskan Native,American Indian or Alaskan Native,Not of Hispanic Origin,shotgun,Single Victim/Unknown Offender(s),other - known to victim,Outside Family But Known to Victim,Unknown,Narcotic Drug Laws,Felony Type,,0,116781,False
389686,389686,2018,5,Northwest,AK,66,Male,American Indian or Alaskan Native,American Indian or Alaskan Native,Unknown,rifle,Single Victim/Single Offender,other family,Outside Family But Known to Victim,Male,All instances where the facts provided do not permit determination of circumstances,Unable to Determine Circumstances,,0,116788,False
389687,389687,2018,3,Northwest,AK,26,Male,American Indian or Alaskan Native,American Indian or Alaskan Native,Unknown,rifle,Single Victim/Multiple Offenders,stranger,Offender Not Known to Victim,Male,Felon Killed by Police,Justifiable Homicide,Felon Attacked Police Officer,0,116791,False
389688,389688,2018,3,Northwest,AK,42,Male,White (includes Mexican-Americans),White,Unknown,rifle,Single Victim/Single Offender,stranger,Offender Not Known to Victim,Male,Felon Killed by Police,Justifiable Homicide,Felon Attacked Fellow Police Officer,0,116793,False
389689,389689,2018,6,Northwest,AK,36,Male,White (includes Mexican-Americans),White,Unknown,rifle,Single Victim/Single Offender,stranger,Offender Not Known to Victim,Male,Felon Killed by Police,Justifiable Homicide,Felon Attacked Fellow Police Officer,0,116794,False
389690,389690,2018,4,Northwest,AK,18,Male,American Indian or Alaskan Native,American Indian or Alaskan Native,Not of Hispanic Origin,handgun,Single Victim/Single Offender,other - known to victim,Outside Family But Known to Victim,Male,Burglary,Felony Type,,0,116795,False
389691,389691,2018,8,Northwest,AK,28,Male,American Indian or Alaskan Native,American Indian or Alaskan Native,Unknown,firearm,Single Victim/Single Offender,stranger,Offender Not Known to Victim,Male,Felon Killed by Police,Justifiable Homicide,Felon Attacked Police Officer,0,116797,False
389692,389692,2018,7,Northwest,AK,38,Male,American Indian or Alaskan Native,American Indian or Alaskan Native,Unknown,firearm,Single Victim/Single Offender,stranger,Offender Not Known to Victim,Male,Felon Killed by Police,Justifiable Homicide,Felon Attacked Police Officer,0,116799,False
389693,389693,2018,7,Northwest,AK,60,Male,Black,Black,Unknown,firearm,Single Victim/Multiple Offenders,acquaintance,Outside Family But Known to Victim,Female,Robbery,Felony Type,,0,116800,False
389695,389695,2018,12,Northwest,AK,51,Male,White (includes Mexican-Americans),White,Unknown,handgun,Single Victim/Single Offender,father,Within Family,Male,Other Arguments,Other Than Felony Type,,0,116804,False
